number,link
1,https://www.lesswrong.com/s/5g5TkQTe9rmPS5vvM/p/uXn3LyA8eNqpvdoZw
2,https://www.lesswrong.com/s/5g5TkQTe9rmPS5vvM/p/ptxnyfLWqRZ98wnYi
3,https://www.lesswrong.com/s/5g5TkQTe9rmPS5vvM/p/2ftJ38y9SRBCBsCzy
4,https://www.lesswrong.com/s/5g5TkQTe9rmPS5vvM/p/teaxCFgtmCQ3E9fy8
5,https://www.lesswrong.com/s/5g5TkQTe9rmPS5vvM/p/R8cpqD3NA4rZxRdQ4
6,https://www.lesswrong.com/s/5g5TkQTe9rmPS5vvM/p/jnZbHi873v9vcpGpZ
7,https://www.lesswrong.com/s/5g5TkQTe9rmPS5vvM/p/Yq6aA4M3JKWaQepPJ
8,https://www.lesswrong.com/s/5g5TkQTe9rmPS5vvM/p/RcZCwxFiZzE6X7nsv
9,https://www.lesswrong.com/s/5g5TkQTe9rmPS5vvM/p/CPm5LTwHrvBJCa9h5
10,https://www.lesswrong.com/s/5g5TkQTe9rmPS5vvM/p/YshRbqZHYFoEMqFAu
11,https://www.lesswrong.com/s/5g5TkQTe9rmPS5vvM/p/SqF8cHjJv43mvJJzx
12,https://www.lesswrong.com/s/5g5TkQTe9rmPS5vvM/p/46qnWRSR7L2eyNbMA
13,https://www.lesswrong.com/s/7gRSERQZbqTuLX5re/p/a7n8GdKiAZRX86T5A
14,https://www.lesswrong.com/s/7gRSERQZbqTuLX5re/p/6hfGNLf4Hg5DXqJCF
15,https://www.lesswrong.com/s/7gRSERQZbqTuLX5re/p/CqyJzDZWvGhhFJ7dY
16,https://www.lesswrong.com/s/7gRSERQZbqTuLX5re/p/fAuWLS7RKWD2npBFR
17,https://www.lesswrong.com/s/7gRSERQZbqTuLX5re/p/RmCjazjupRGcHSm5N
18,https://www.lesswrong.com/s/7gRSERQZbqTuLX5re/p/nYkMLFpx77Rz3uo9c
19,https://www.lesswrong.com/s/7gRSERQZbqTuLX5re/p/jeyvzALDbjdjjv5RW
20,https://www.lesswrong.com/s/7gRSERQZbqTuLX5re/p/dLbkrPu5STNCBLRjr
21,https://www.lesswrong.com/s/zpCiuR4T343j9WkcK/p/GJ4ZQm7crTzTM6xDW
22,https://www.lesswrong.com/s/zpCiuR4T343j9WkcK/p/6s3xABaXKPdFwA3FS
23,https://www.lesswrong.com/s/zpCiuR4T343j9WkcK/p/fhojYBGGiYAFcryHZ
24,https://www.lesswrong.com/s/zpCiuR4T343j9WkcK/p/nj8JKFoLSMEmD3RGp
25,https://www.lesswrong.com/s/zpCiuR4T343j9WkcK/p/MwQRucYo6BZZwjKE7
26,https://www.lesswrong.com/s/zpCiuR4T343j9WkcK/p/f4txACqDWithRi7hs
27,https://www.lesswrong.com/s/zpCiuR4T343j9WkcK/p/5JDkW4MYXit2CquLs
28,https://www.lesswrong.com/s/zpCiuR4T343j9WkcK/p/mnS2WYLCGJP2kQkRn
29,https://www.lesswrong.com/s/zpCiuR4T343j9WkcK/p/jiBFC7DcCrZjGmZnJ
30,https://www.lesswrong.com/s/zpCiuR4T343j9WkcK/p/WnheMGAka4fL99eae
31,https://www.lesswrong.com/s/zpCiuR4T343j9WkcK/p/sSqoEw9eRP2kPKLCz
32,https://www.lesswrong.com/s/zpCiuR4T343j9WkcK/p/HLqWn5LASfhhArZ7w
33,https://www.lesswrong.com/s/5uZQHpecjn7955faL/p/fysgqk4CjAwhBgNYT
34,https://www.lesswrong.com/s/5uZQHpecjn7955faL/p/NMoLJuDJEms7Ku9XS
35,https://www.lesswrong.com/s/5uZQHpecjn7955faL/p/4Bwr6s9dofvqPWakn
36,https://www.lesswrong.com/s/5uZQHpecjn7955faL/p/RgkqLqkg8vLhsYpfh
37,https://www.lesswrong.com/s/5uZQHpecjn7955faL/p/FWMfQKG3RpZx6irjm
38,https://www.lesswrong.com/s/5uZQHpecjn7955faL/p/6i3zToomS86oj9bS6
39,https://www.lesswrong.com/s/5uZQHpecjn7955faL/p/8QzZKw9WHRxjR4948
40,https://www.lesswrong.com/s/5uZQHpecjn7955faL/p/kpRSCH7ALLcb6ucWM
41,https://www.lesswrong.com/s/5uZQHpecjn7955faL/p/rmAbiEKQDpDnZzcRf
42,https://www.lesswrong.com/s/5uZQHpecjn7955faL/p/msJA6B9ZjiiZxT6EZ
43,https://www.lesswrong.com/s/5uZQHpecjn7955faL/p/DwtYPRuCxpXTrzG9m
44,https://www.lesswrong.com/s/5uZQHpecjn7955faL/p/97Y7Jwrzxyfzz3Ad2
45,https://www.lesswrong.com/s/5uZQHpecjn7955faL/p/TLKPj4GDXetZuPDH5
46,https://www.lesswrong.com/s/5uZQHpecjn7955faL/p/yxvi9RitzZDpqn6Yh
47,https://www.lesswrong.com/s/5uZQHpecjn7955faL/p/L22jhyY9ocXQNLqyE
48,https://www.lesswrong.com/s/5uZQHpecjn7955faL/p/fg9fXrHpeaDD6pEPL
49,https://www.lesswrong.com/s/5uZQHpecjn7955faL/p/X3HpE8tMXz4m4w6Rz
50,https://www.lesswrong.com/s/FrqfoG3LJeCZs96Ym/p/8qccXytpkEhEAkjjM
51,https://www.lesswrong.com/s/FrqfoG3LJeCZs96Ym/p/DoLQN5ryZ9XkZjq5h
52,https://www.lesswrong.com/s/FrqfoG3LJeCZs96Ym/p/GrDqnMjhqoxiqpQPw
53,https://www.lesswrong.com/s/FrqfoG3LJeCZs96Ym/p/gWGA8Da539EQmAR9F
54,https://www.lesswrong.com/s/FrqfoG3LJeCZs96Ym/p/erGipespbbzdG5zYb
55,https://www.lesswrong.com/s/FrqfoG3LJeCZs96Ym/p/vYsuM8cpuRgZS5rYB
56,https://www.lesswrong.com/s/FrqfoG3LJeCZs96Ym/p/QawvGzYWhqdyPWgBL
57,https://www.lesswrong.com/s/FrqfoG3LJeCZs96Ym/p/q7Me34xvSG3Wm97As
58,https://www.lesswrong.com/s/FrqfoG3LJeCZs96Ym/p/dLJv2CoRCgeC2mPgj
59,https://www.lesswrong.com/s/FrqfoG3LJeCZs96Ym/p/PmQkensvTGg7nGtJE
60,https://www.lesswrong.com/s/FrqfoG3LJeCZs96Ym/p/6FmqiAgS8h4EJm86s
61,https://www.lesswrong.com/s/FrqfoG3LJeCZs96Ym/p/ooypcn7qFzsMcy53R
62,https://www.lesswrong.com/s/FrqfoG3LJeCZs96Ym/p/QGkYCwyC7wTDyt3yT
63,https://www.lesswrong.com/s/FrqfoG3LJeCZs96Ym/p/anCubLdggTWjnEvBS
64,https://www.lesswrong.com/s/3ELrPerFTSo75WnrH/p/9weLK2AJ9JEt2Tt8f
65,https://www.lesswrong.com/s/3ELrPerFTSo75WnrH/p/PeSzc9JTBxhaYRp9b
66,https://www.lesswrong.com/s/3ELrPerFTSo75WnrH/p/XYCEB9roxEBfgjfxs
67,https://www.lesswrong.com/s/3ELrPerFTSo75WnrH/p/DB6wbyrMugYMK5o6a
68,https://www.lesswrong.com/s/3ELrPerFTSo75WnrH/p/28bAMAxhoX3bwbAKC
69,https://www.lesswrong.com/s/3ELrPerFTSo75WnrH/p/qNZM3EGoE5ZeMdCRt
70,https://www.lesswrong.com/s/3ELrPerFTSo75WnrH/p/5yFRd3cjLpm3Nd6Di
71,https://www.lesswrong.com/s/3ELrPerFTSo75WnrH/p/2jp98zdLo898qExrr
72,https://www.lesswrong.com/s/3ELrPerFTSo75WnrH/p/Lz64L3yJEtYGkzMzu
73,https://www.lesswrong.com/s/3ELrPerFTSo75WnrH/p/i8q4vXestDkGTFwsc
74,https://www.lesswrong.com/s/GSqFqc646rsRd2oyz/p/AdYdLP2sRqPMoe8fb
75,https://www.lesswrong.com/s/GSqFqc646rsRd2oyz/p/627DZcvme7nLDrbZu
76,https://www.lesswrong.com/s/GSqFqc646rsRd2oyz/p/WN73eiLQkuDtSC8Ag
77,https://www.lesswrong.com/s/GSqFqc646rsRd2oyz/p/34XxbRFe54FycoCDw
78,https://www.lesswrong.com/s/GSqFqc646rsRd2oyz/p/kJiPnaQPiy4p9Eqki
79,https://www.lesswrong.com/s/GSqFqc646rsRd2oyz/p/SFZoEBpLo9frSJGkc
80,https://www.lesswrong.com/s/GSqFqc646rsRd2oyz/p/9f5EXt8KNNxTAihtZ
81,https://www.lesswrong.com/s/GSqFqc646rsRd2oyz/p/dHQkDNMhj692ayx78
82,https://www.lesswrong.com/s/GSqFqc646rsRd2oyz/p/L32LHWzy9FzSDazEg
83,https://www.lesswrong.com/s/GSqFqc646rsRd2oyz/p/bfbiyTogEKWEGP96S
84,https://www.lesswrong.com/s/GSqFqc646rsRd2oyz/p/TGux5Fhcd7GmTfNGC
85,https://www.lesswrong.com/s/GSqFqc646rsRd2oyz/p/wyyfFfaRar2jEdeQK
86,https://www.lesswrong.com/s/GSqFqc646rsRd2oyz/p/E7CKXxtGKPmdM9ZRc
87,https://www.lesswrong.com/s/GSqFqc646rsRd2oyz/p/XTWkjCJScy2GFAgDt
88,https://www.lesswrong.com/s/qqFS6Kw5fmPyzkLby/p/Hs3ymqypvhgFMkgLb
89,https://www.lesswrong.com/s/qqFS6Kw5fmPyzkLby/p/rZX4WuufAPbN6wQTv
90,https://www.lesswrong.com/s/qqFS6Kw5fmPyzkLby/p/wP2ymm44kZZwaFPYh
91,https://www.lesswrong.com/s/qqFS6Kw5fmPyzkLby/p/ERRk4thxxYNcScqR4
92,https://www.lesswrong.com/s/qqFS6Kw5fmPyzkLby/p/W7LcN9gmdnaAk9K52
93,https://www.lesswrong.com/s/pmHZDpak4NeRLLLCw/p/bMkCEZoBNhgRBtzoj
94,https://www.lesswrong.com/s/pmHZDpak4NeRLLLCw/p/BaCWFCxBQYjJXSsah
95,https://www.lesswrong.com/s/pmHZDpak4NeRLLLCw/p/TiDGXt3WrQwtCdDj3
96,https://www.lesswrong.com/s/pmHZDpak4NeRLLLCw/p/2MD3NMLBPCqPfnfre
97,https://www.lesswrong.com/s/pmHZDpak4NeRLLLCw/p/SA79JMXKWke32A3hG
98,https://www.lesswrong.com/s/pmHZDpak4NeRLLLCw/p/yDfxTj9TKYsYiWH5o
99,https://www.lesswrong.com/s/pmHZDpak4NeRLLLCw/p/h3vdnR34ZvohDEFT5
100,https://www.lesswrong.com/s/pmHZDpak4NeRLLLCw/p/rHBdcHGLJ7KvLJQPk
101,https://www.lesswrong.com/s/pmHZDpak4NeRLLLCw/p/buixYfcXBah9hbSNZ
102,https://www.lesswrong.com/s/pmHZDpak4NeRLLLCw/p/uHYYA32CKgKT3FagE
103,https://www.lesswrong.com/s/pmHZDpak4NeRLLLCw/p/KZLa74SzyKhSJ3M55
104,https://www.lesswrong.com/s/M3TJ2fTCzoQq66NBJ/p/Kow8xRzpfkoY7pa69
105,https://www.lesswrong.com/s/M3TJ2fTCzoQq66NBJ/p/3T6p93Mut7G8qdkAs
106,https://www.lesswrong.com/s/M3TJ2fTCzoQq66NBJ/p/5u5THLyRkTpPHiaG5
107,https://www.lesswrong.com/s/M3TJ2fTCzoQq66NBJ/p/ACGeaAk6KButv2xwQ
108,https://www.lesswrong.com/s/M3TJ2fTCzoQq66NBJ/p/krMzmSXgvEdf7iBT6
109,https://www.lesswrong.com/s/M3TJ2fTCzoQq66NBJ/p/XrzQW69HpidzvBxGr
110,https://www.lesswrong.com/s/M3TJ2fTCzoQq66NBJ/p/hwi8JQjspnMWyWs4g
111,https://www.lesswrong.com/s/M3TJ2fTCzoQq66NBJ/p/NCefvet6X3Sd4wrPc
112,https://www.lesswrong.com/s/M3TJ2fTCzoQq66NBJ/p/ZQG9cwKbct2LtmL3p
113,https://www.lesswrong.com/s/M3TJ2fTCzoQq66NBJ/p/Tw9cLvzSKrkGjNHW3
114,https://www.lesswrong.com/s/M3TJ2fTCzoQq66NBJ/p/yEjaj7PWacno5EvWa
115,https://www.lesswrong.com/s/M3TJ2fTCzoQq66NBJ/p/Qr4MB9hFRzamuMRHJ
116,https://www.lesswrong.com/s/M3TJ2fTCzoQq66NBJ/p/WHK94zXkQm7qm7wXk
117,https://www.lesswrong.com/s/M3TJ2fTCzoQq66NBJ/p/ovvwAhKKoNbfcMz8K
118,https://www.lesswrong.com/s/M3TJ2fTCzoQq66NBJ/p/CEGnJBHmkcwPTysb7
119,https://www.lesswrong.com/s/M3TJ2fTCzoQq66NBJ/p/gBma88LH3CLQsqyfS
120,https://www.lesswrong.com/s/5bZZZJ5psXrrD5BGb/p/CahCppKy9HuXe3j2i
121,https://www.lesswrong.com/s/5bZZZJ5psXrrD5BGb/p/wCqfCLs8z5Qw4GbKS
122,https://www.lesswrong.com/s/5bZZZJ5psXrrD5BGb/p/qRWfvgJG75ESLRNu9
123,https://www.lesswrong.com/s/5bZZZJ5psXrrD5BGb/p/waqC6FihC2ryAZuAq
124,https://www.lesswrong.com/s/5bZZZJ5psXrrD5BGb/p/43PTNr4ZMaezyAJ5o
125,https://www.lesswrong.com/s/5bZZZJ5psXrrD5BGb/p/HYWhKXRsMAyvRKRYz
126,https://www.lesswrong.com/s/5bZZZJ5psXrrD5BGb/p/3nZMgRTfFEfHp34Gb
127,https://www.lesswrong.com/s/5bZZZJ5psXrrD5BGb/p/eY45uCCX7DdwJ4Jha
128,https://www.lesswrong.com/s/5bZZZJ5psXrrD5BGb/p/3XgYbghWruBMrPTAL
129,https://www.lesswrong.com/s/5bZZZJ5psXrrD5BGb/p/BcYBfG8KomcpcxkEg
130,https://www.lesswrong.com/s/5bZZZJ5psXrrD5BGb/p/kXAb5riiaJNrfR8v8
131,https://www.lesswrong.com/s/MH2b8NfWv22dBtrs8/p/8GhSZzsQmusCN9is7
132,https://www.lesswrong.com/s/MH2b8NfWv22dBtrs8/p/aiQabnugDhcrFtr9n
133,https://www.lesswrong.com/s/MH2b8NfWv22dBtrs8/p/pLRogvJLPPg6Mrvg4
134,https://www.lesswrong.com/s/MH2b8NfWv22dBtrs8/p/ZyNak8F6WXjuEbWWc
135,https://www.lesswrong.com/s/MH2b8NfWv22dBtrs8/p/jAToJHtg39AMTAuJo
136,https://www.lesswrong.com/s/MH2b8NfWv22dBtrs8/p/XC7Kry5q6CD9TyG4K
137,https://www.lesswrong.com/s/MH2b8NfWv22dBtrs8/p/gDNrpuwahdRrDJ9iY
138,https://www.lesswrong.com/s/MH2b8NfWv22dBtrs8/p/QsMJQSFj7WfoTMNgW
139,https://www.lesswrong.com/s/MH2b8NfWv22dBtrs8/p/i6fKszWY6gLZSX2Ey
140,https://www.lesswrong.com/s/MH2b8NfWv22dBtrs8/p/XPErvb8m9FapXCjhA
141,https://www.lesswrong.com/s/MH2b8NfWv22dBtrs8/p/epZLSoNvjW53tqNj9
142,https://www.lesswrong.com/s/MH2b8NfWv22dBtrs8/p/J4vdsSKB7LzAvaAMB
143,https://www.lesswrong.com/s/MH2b8NfWv22dBtrs8/p/Jq73GozjsuhdwMLEG
144,https://www.lesswrong.com/s/MH2b8NfWv22dBtrs8/p/cSXZpvqpa9vbGGLtG
145,https://www.lesswrong.com/s/3HyeNiEpvbQQaqeoH/p/HktFCy6dgsqJ9WPpX
146,https://www.lesswrong.com/s/3HyeNiEpvbQQaqeoH/p/Zkzzjg3h7hW5Z36hK
147,https://www.lesswrong.com/s/3HyeNiEpvbQQaqeoH/p/8vpf46nLMDYPC6wA4
148,https://www.lesswrong.com/s/3HyeNiEpvbQQaqeoH/p/cnYHFNBF3kZEyx24v
149,https://www.lesswrong.com/s/3HyeNiEpvbQQaqeoH/p/YhgjmCxcQXixStWMC
150,https://www.lesswrong.com/s/3HyeNiEpvbQQaqeoH/p/n5ucT5ZbPdhfGNLtP
151,https://www.lesswrong.com/s/3HyeNiEpvbQQaqeoH/p/Tc2H9KbKRjuDJ3WSS
152,https://www.lesswrong.com/s/3HyeNiEpvbQQaqeoH/p/4ARaTpNX62uaL86j6
153,https://www.lesswrong.com/s/3HyeNiEpvbQQaqeoH/p/RcZeZt8cPk48xxiQ8
154,https://www.lesswrong.com/s/3HyeNiEpvbQQaqeoH/p/sP2Hg6uPwpfp3jZJN
155,https://www.lesswrong.com/s/SGB7Y5WERh4skwtnb/p/hQxYBfu2LPc9Ydo6w
156,https://www.lesswrong.com/s/SGB7Y5WERh4skwtnb/p/bcM5ft8jvsffsZZ4Y
157,https://www.lesswrong.com/s/SGB7Y5WERh4skwtnb/p/3nxs2WYDGzJbzcLMp
158,https://www.lesswrong.com/s/SGB7Y5WERh4skwtnb/p/HsznWM9A7NiuGsp28
159,https://www.lesswrong.com/s/SGB7Y5WERh4skwtnb/p/jMTbQj9XB5ah2maup
160,https://www.lesswrong.com/s/SGB7Y5WERh4skwtnb/p/4mEsPHqcbRWxnaE5b
161,https://www.lesswrong.com/s/SGB7Y5WERh4skwtnb/p/WBw8dDkAWohFjWQSk
162,https://www.lesswrong.com/s/SGB7Y5WERh4skwtnb/p/4FcxgdvdQP45D6Skg
163,https://www.lesswrong.com/s/SGB7Y5WERh4skwtnb/p/yFDKvfN6D87Tf5J9f
164,https://www.lesswrong.com/s/SGB7Y5WERh4skwtnb/p/yA4gF5KrboK2m2Xu7
165,https://www.lesswrong.com/s/SGB7Y5WERh4skwtnb/p/7X2j8HAkWdmMoS8PE
166,https://www.lesswrong.com/s/SGB7Y5WERh4skwtnb/p/dMCFk2n2ur8n62hqB
167,https://www.lesswrong.com/s/SGB7Y5WERh4skwtnb/p/9ZooAqfh2TC9SBDvq
168,https://www.lesswrong.com/s/SGB7Y5WERh4skwtnb/p/i2dfY65JciebF3CAo
169,https://www.lesswrong.com/s/SGB7Y5WERh4skwtnb/p/WBdvyyHLdxZSAMmoz
170,https://www.lesswrong.com/s/SGB7Y5WERh4skwtnb/p/GKfPL6LQFgB49FEnv
171,https://www.lesswrong.com/s/SGB7Y5WERh4skwtnb/p/y5MxoeacRKKM3KQth
172,https://www.lesswrong.com/s/SGB7Y5WERh4skwtnb/p/veN86cBhoe7mBxXLk
173,https://www.lesswrong.com/s/SGB7Y5WERh4skwtnb/p/yuKaWPRTxZoov4z8K
174,https://www.lesswrong.com/s/SGB7Y5WERh4skwtnb/p/cFzC996D7Jjds3vS9
175,https://www.lesswrong.com/s/SGB7Y5WERh4skwtnb/p/d5NyJ2Lf6N22AD9PB
176,https://www.lesswrong.com/s/SGB7Y5WERh4skwtnb/p/soQX8yXLbKy7cFvy8
177,https://www.lesswrong.com/s/SGB7Y5WERh4skwtnb/p/yLcuygFfMfrfK8KjF
178,https://www.lesswrong.com/s/SGB7Y5WERh4skwtnb/p/82eMd5KLiJ5Z6rTrr
179,https://www.lesswrong.com/s/SGB7Y5WERh4skwtnb/p/gDWvLicHhcMfGmwaK
180,https://www.lesswrong.com/s/SGB7Y5WERh4skwtnb/p/YF9HB6cWCJrDK5pBM
181,https://www.lesswrong.com/s/SGB7Y5WERh4skwtnb/p/shoMpaoZypfkXv84Y
182,https://www.lesswrong.com/s/SGB7Y5WERh4skwtnb/p/FaJaCgqBKphrDzDSj
183,https://www.lesswrong.com/s/SGB7Y5WERh4skwtnb/p/XTXWPQSEgoMkAupKt
184,https://www.lesswrong.com/s/oFePMp9rKftEeZDDr/p/ujoJSat3ypzp3tmpj
185,https://www.lesswrong.com/s/oFePMp9rKftEeZDDr/p/LaM5aTcXvXzwQSC2Q
186,https://www.lesswrong.com/s/oFePMp9rKftEeZDDr/p/7iTwGquBFZKttpEdE
187,https://www.lesswrong.com/s/oFePMp9rKftEeZDDr/p/oKiy7YwGToaYXdvnj
188,https://www.lesswrong.com/s/oFePMp9rKftEeZDDr/p/bkSkRwo9SRYxJMiSY
189,https://www.lesswrong.com/s/oFePMp9rKftEeZDDr/p/N2pENnTPB75sfc9kb
190,https://www.lesswrong.com/s/oFePMp9rKftEeZDDr/p/QkX2bAkwG2EpGvNug
191,https://www.lesswrong.com/s/oFePMp9rKftEeZDDr/p/zFuCxbY9E2E8HTbfZ
192,https://www.lesswrong.com/s/oFePMp9rKftEeZDDr/p/QrhAeKBkm2WsdRYao
193,https://www.lesswrong.com/s/p3TndjYbdYaiWwm9x/p/Mc6QcrsbH5NRXbCRX
194,https://www.lesswrong.com/s/p3TndjYbdYaiWwm9x/p/XzrqkhfwtiSDgKoAF
195,https://www.lesswrong.com/s/p3TndjYbdYaiWwm9x/p/rQEwySCcLtdKHkrHp
196,https://www.lesswrong.com/s/p3TndjYbdYaiWwm9x/p/ZTRiSNmeGQK8AkdN2
197,https://www.lesswrong.com/s/p3TndjYbdYaiWwm9x/p/f6ZLxEWaankRZ2Crv
198,https://www.lesswrong.com/s/p3TndjYbdYaiWwm9x/p/np3tP49caG4uFLRbS
199,https://www.lesswrong.com/s/p3TndjYbdYaiWwm9x/p/BwtBhqvTPGG2n2GuJ
200,https://www.lesswrong.com/s/p3TndjYbdYaiWwm9x/p/tWLFWAndSZSYN6rPB
201,https://www.lesswrong.com/s/p3TndjYbdYaiWwm9x/p/NyFtHycJvkyNjXNsP
202,https://www.lesswrong.com/s/p3TndjYbdYaiWwm9x/p/tPqQdLCuxanjhoaNs
203,https://www.lesswrong.com/s/p3TndjYbdYaiWwm9x/p/cphoF8naigLhRf3tu
204,https://www.lesswrong.com/s/p3TndjYbdYaiWwm9x/p/mTf8MkpAigm3HP6x2
205,https://www.lesswrong.com/s/p3TndjYbdYaiWwm9x/p/kQzs8MFbBxdYhe3hK
206,https://www.lesswrong.com/s/6BFkmEgre7uwhDxDR/p/x4dG4GhpZH2hgz59x
207,https://www.lesswrong.com/s/6BFkmEgre7uwhDxDR/p/KfMNFB3G7XNviHBPN
208,https://www.lesswrong.com/s/6BFkmEgre7uwhDxDR/p/WjpA4PCjt5EkTGbLF
209,https://www.lesswrong.com/s/6BFkmEgre7uwhDxDR/p/iiWiHgtQekWNnmE6Q
210,https://www.lesswrong.com/s/6BFkmEgre7uwhDxDR/p/SXK87NgEPszhWkvQm
211,https://www.lesswrong.com/s/6BFkmEgre7uwhDxDR/p/ndGYn7ZFiZyernp9f
212,https://www.lesswrong.com/s/6BFkmEgre7uwhDxDR/p/hYqDp4qAucZM33qSh
213,https://www.lesswrong.com/s/6BFkmEgre7uwhDxDR/p/PMr6f7ZocEWFtCYXj
214,https://www.lesswrong.com/s/6BFkmEgre7uwhDxDR/p/MCYp8g9EMAiTCTawk
215,https://www.lesswrong.com/s/6BFkmEgre7uwhDxDR/p/Fwt4sDDacko8Sh5iR
216,https://www.lesswrong.com/s/6BFkmEgre7uwhDxDR/p/3diLhMELXxM8rFHJj
217,https://www.lesswrong.com/s/6BFkmEgre7uwhDxDR/p/fnEWQAYxcRnaYBqaZ
218,https://www.lesswrong.com/s/FqgKAHZAiZn9JAjDo/p/KmghfjH6RgXvoKruJ
219,https://www.lesswrong.com/s/FqgKAHZAiZn9JAjDo/p/ddwk9veF8efn3Nzbu
220,https://www.lesswrong.com/s/FqgKAHZAiZn9JAjDo/p/ne6Ra62FB9ACHGSuh
221,https://www.lesswrong.com/s/FqgKAHZAiZn9JAjDo/p/nzzNFcrSk7akQ9bwD
222,https://www.lesswrong.com/s/FqgKAHZAiZn9JAjDo/p/f4RJtHBPvDRJcCTva
223,https://www.lesswrong.com/s/FqgKAHZAiZn9JAjDo/p/qmqLxvtsPzZ2s6mpY
224,https://www.lesswrong.com/s/FqgKAHZAiZn9JAjDo/p/gRa5cWWBsZqdFvmqu
225,https://www.lesswrong.com/s/FqgKAHZAiZn9JAjDo/p/fdEWWr8St59bXLbQr
226,https://www.lesswrong.com/s/FqgKAHZAiZn9JAjDo/p/4moMTeCy9EqYxAher
227,https://www.lesswrong.com/s/FqgKAHZAiZn9JAjDo/p/kYAuNJX2ecH2uFqZ9
228,https://www.lesswrong.com/s/FqgKAHZAiZn9JAjDo/p/k6EPphHiBH4WWYFCj
229,https://www.lesswrong.com/s/FqgKAHZAiZn9JAjDo/p/3XMwPNMSbaPm2suGz
230,https://www.lesswrong.com/s/FqgKAHZAiZn9JAjDo/p/fsDz6HieZJBu54Yes
231,https://www.lesswrong.com/s/FqgKAHZAiZn9JAjDo/p/u6JzcFtPGiznFgDxP
232,https://www.lesswrong.com/s/FqgKAHZAiZn9JAjDo/p/7Au7kvRAPREm3ADcK
233,https://www.lesswrong.com/s/Kqs6GR7F5xziuSyGZ/p/7FSwbFpDsca7uXpQ2
234,https://www.lesswrong.com/s/Kqs6GR7F5xziuSyGZ/p/5vZD32EynD9n94dhr
235,https://www.lesswrong.com/s/Kqs6GR7F5xziuSyGZ/p/ybusFwDqiZgQa6NCq
236,https://www.lesswrong.com/s/Kqs6GR7F5xziuSyGZ/p/KbeHkLNY5ETJ3TN3W
237,https://www.lesswrong.com/s/Kqs6GR7F5xziuSyGZ/p/xsZnufn3cQw7tJeQ3
238,https://www.lesswrong.com/s/Kqs6GR7F5xziuSyGZ/p/Atu4teGvob5vKvEAF
239,https://www.lesswrong.com/s/Kqs6GR7F5xziuSyGZ/p/DFxoaWGEh9ndwtZhk
240,https://www.lesswrong.com/s/Kqs6GR7F5xziuSyGZ/p/X2AD2LgtKgkRNPj2a
241,https://www.lesswrong.com/s/Kqs6GR7F5xziuSyGZ/p/qcYCAxYZT4Xp9iMZY
242,https://www.lesswrong.com/s/Kqs6GR7F5xziuSyGZ/p/k3823vuarnmL5Pqin
243,https://www.lesswrong.com/s/Kqs6GR7F5xziuSyGZ/p/WqGCaRhib42dhKWRL
244,https://www.lesswrong.com/s/Kqs6GR7F5xziuSyGZ/p/Bh9cdfMjATrTdLrGH
245,https://www.lesswrong.com/s/Kqs6GR7F5xziuSyGZ/p/NEeW7eSXThPz7o4Ne
246,https://www.lesswrong.com/s/Kqs6GR7F5xziuSyGZ/p/S8ysHqeRGuySPttrS
247,https://www.lesswrong.com/s/fxynfGCSHpY4FmBZy/p/ZxR8P8hBFQ9kC8wMy
248,https://www.lesswrong.com/s/fxynfGCSHpY4FmBZy/p/viPPjojmChxLGPE2v
249,https://www.lesswrong.com/s/fxynfGCSHpY4FmBZy/p/5bJyRMZzwMov5u3hW
250,https://www.lesswrong.com/s/fxynfGCSHpY4FmBZy/p/wzxneh7wxkdNYNbtB
251,https://www.lesswrong.com/s/fxynfGCSHpY4FmBZy/p/PGfJdgemDJSwWBZSX
252,https://www.lesswrong.com/s/fxynfGCSHpY4FmBZy/p/WijMw9WkcafmCFgj4
253,https://www.lesswrong.com/s/fxynfGCSHpY4FmBZy/p/wustx45CPL5rZenuo
254,https://www.lesswrong.com/s/fxynfGCSHpY4FmBZy/p/SoDsr8GEZmRKMZNkj
255,https://www.lesswrong.com/s/fxynfGCSHpY4FmBZy/p/xTyuQ3cgsPjifr7oj
256,https://www.lesswrong.com/s/fxynfGCSHpY4FmBZy/p/mpaqTWGiLT7GA3w76
257,https://www.lesswrong.com/s/fxynfGCSHpY4FmBZy/p/5wMcKNAwB6X4mp9og
258,https://www.lesswrong.com/s/fxynfGCSHpY4FmBZy/p/3Jpchgy53D2gB5qdk
259,https://www.lesswrong.com/s/fxynfGCSHpY4FmBZy/p/5o4EZJyqmHY4XgRCY
260,https://www.lesswrong.com/s/fxynfGCSHpY4FmBZy/p/xAXrEpF5FYjwqKMfZ
261,https://www.lesswrong.com/s/fxynfGCSHpY4FmBZy/p/afmj8TKAqH6F2QMfZ
262,https://www.lesswrong.com/s/fqh9TLuoquxpducDb/p/KfEyHB6WXFW6q2D5S
263,https://www.lesswrong.com/s/fqh9TLuoquxpducDb/p/synsRtBKDeAFuo7e3
264,https://www.lesswrong.com/s/fqh9TLuoquxpducDb/p/Masoq4NdmmGSiq2xw
265,https://www.lesswrong.com/s/fqh9TLuoquxpducDb/p/fATPBv4pnHC33EmJ2
266,https://www.lesswrong.com/s/fqh9TLuoquxpducDb/p/NnohDYHNnKDtbiMyp
267,https://www.lesswrong.com/s/fqh9TLuoquxpducDb/p/zY4pic7cwQpa9dnyk
268,https://www.lesswrong.com/s/fqh9TLuoquxpducDb/p/p7ftQ6acRkgo6hqHb
269,https://www.lesswrong.com/s/fqh9TLuoquxpducDb/p/tnWRXkcDi5Tw9rzXw
270,https://www.lesswrong.com/s/9bvAELWc8y2gYjRav/p/C8nEXTcjZb9oauTCW
271,https://www.lesswrong.com/s/9bvAELWc8y2gYjRav/p/TynBiYt6zg42StRbb
272,https://www.lesswrong.com/s/9bvAELWc8y2gYjRav/p/PtoQdG7E8MxYJrigu
273,https://www.lesswrong.com/s/9bvAELWc8y2gYjRav/p/CuSTqHgeK4CMpWYTe
274,https://www.lesswrong.com/s/9bvAELWc8y2gYjRav/p/mMBTPTjRbsrqbSkZE
275,https://www.lesswrong.com/s/9bvAELWc8y2gYjRav/p/eDpPnT7wdBwWPGvo5
276,https://www.lesswrong.com/s/9bvAELWc8y2gYjRav/p/iGH7FSrdoCXa5AHGs
277,https://www.lesswrong.com/s/9bvAELWc8y2gYjRav/p/LhP2zGBWR5AdssrdJ
278,https://www.lesswrong.com/s/9bvAELWc8y2gYjRav/p/vy9nnPdwTjSmt5qdb
279,https://www.lesswrong.com/s/9bvAELWc8y2gYjRav/p/FnJPa8E9ZG5xiLLp5
280,https://www.lesswrong.com/s/9bvAELWc8y2gYjRav/p/PoDAyQMWEXBBBEJ5P
281,https://www.lesswrong.com/s/9bvAELWc8y2gYjRav/p/HFyWNBnDNEDsDNLrZ
282,https://www.lesswrong.com/s/9bvAELWc8y2gYjRav/p/NLMo5FZWFFq652MNe
283,https://www.lesswrong.com/s/9bvAELWc8y2gYjRav/p/29vqqmGNxNRGzffEj
284,https://www.lesswrong.com/s/9bvAELWc8y2gYjRav/p/6qS9q5zHafFXsB6hf
285,https://www.lesswrong.com/s/9bvAELWc8y2gYjRav/p/GNnHHmm8EzePmKzPk
286,https://www.lesswrong.com/s/9bvAELWc8y2gYjRav/p/pGvyqAQw6yqTjpKf4
287,https://www.lesswrong.com/s/waF2Pomid7YHjfEDt/p/xiHy3kFni8nsxfdcP
288,https://www.lesswrong.com/s/waF2Pomid7YHjfEDt/p/zJZvoiwydJ5zvzTHK
289,https://www.lesswrong.com/s/waF2Pomid7YHjfEDt/p/zNcLnqHF5rvrTsQJx
290,https://www.lesswrong.com/s/waF2Pomid7YHjfEDt/p/Nx2WxEuPSvNBGuYpo
291,https://www.lesswrong.com/s/waF2Pomid7YHjfEDt/p/r5MSQ83gtbjWRBDWJ
292,https://www.lesswrong.com/s/waF2Pomid7YHjfEDt/p/K9ZaZXDnL3SEmYZqB
293,https://www.lesswrong.com/s/waF2Pomid7YHjfEDt/p/dWTEtgBfFaz6vjwQf
294,https://www.lesswrong.com/s/waF2Pomid7YHjfEDt/p/SGR4GxFK7KmW7ckCB
295,https://www.lesswrong.com/s/waF2Pomid7YHjfEDt/p/AJ9dX59QXokZb35fk
296,https://www.lesswrong.com/s/waF2Pomid7YHjfEDt/p/6ddcsdA2c2XpNpE5x
297,https://www.lesswrong.com/s/waF2Pomid7YHjfEDt/p/7ZqGiPHTpiDMwqMN2
298,https://www.lesswrong.com/s/SXurf2mWFw8LX2mkG/p/tPWZfmNpstRMCBjFM
299,https://www.lesswrong.com/s/SXurf2mWFw8LX2mkG/p/uD9TDHPwQ5hx4CgaX
300,https://www.lesswrong.com/s/SXurf2mWFw8LX2mkG/p/BA7dRRrzMLyvfJr9J
301,https://www.lesswrong.com/s/SXurf2mWFw8LX2mkG/p/uNWRXtdwL33ELgWjD
302,https://www.lesswrong.com/s/SXurf2mWFw8LX2mkG/p/CcBe9aCKDgT5FSoty
303,https://www.lesswrong.com/s/SXurf2mWFw8LX2mkG/p/Yicjw6wSSaPdb83w9
304,https://www.lesswrong.com/s/SXurf2mWFw8LX2mkG/p/SwCwG9wZcAzQtckwx
305,https://www.lesswrong.com/s/SXurf2mWFw8LX2mkG/p/PCfaLLtuxes6Jk4S2
306,https://www.lesswrong.com/s/SXurf2mWFw8LX2mkG/p/75LZMCCePG4Pwj3dB
307,https://www.lesswrong.com/s/SXurf2mWFw8LX2mkG/p/kXSETKZ3X9oidMozA
308,https://www.lesswrong.com/s/SXurf2mWFw8LX2mkG/p/fLRPeXihRaiRo5dyX
309,https://www.lesswrong.com/s/SXurf2mWFw8LX2mkG/p/sYgv4eYH82JEsTD34
310,https://www.lesswrong.com/s/SXurf2mWFw8LX2mkG/p/Ti3Z7eZtud32LhGZT
311,https://www.lesswrong.com/s/3szfzHZr7EYGSWt92/p/WLJwTJ7uGPA5Qphbp
312,https://www.lesswrong.com/s/3szfzHZr7EYGSWt92/p/fhEPnveFhb9tmd7Pe
313,https://www.lesswrong.com/s/3szfzHZr7EYGSWt92/p/fpecAJLG9czABgCe9
314,https://www.lesswrong.com/s/3szfzHZr7EYGSWt92/p/GuEsfTpSDSbXFiseH
315,https://www.lesswrong.com/s/3szfzHZr7EYGSWt92/p/nCvvhFBaayaXyuBiD
316,https://www.lesswrong.com/s/3szfzHZr7EYGSWt92/p/yffPyiu7hRLyc7r23
317,https://www.lesswrong.com/s/pvim9PZJ6qHRTMqD3/p/XqmjdBKa4ZaXJtNmf
318,https://www.lesswrong.com/s/pvim9PZJ6qHRTMqD3/p/Nu3wa6npK4Ry66vFp
319,https://www.lesswrong.com/s/pvim9PZJ6qHRTMqD3/p/T8ddXNtmNSHexhQh8
320,https://www.lesswrong.com/s/pvim9PZJ6qHRTMqD3/p/JnKCaGcgZL4Rsep8m
321,https://www.lesswrong.com/s/pvim9PZJ6qHRTMqD3/p/5K7CMa6dEL7TN7sae
322,https://www.lesswrong.com/s/pvim9PZJ6qHRTMqD3/p/7FzD7pNm9X68Gp5ZC
323,https://www.lesswrong.com/s/pvim9PZJ6qHRTMqD3/p/JKxxFseBWz8SHkTgt
324,https://www.lesswrong.com/s/pvim9PZJ6qHRTMqD3/p/Q8evewZW5SeidLdbA
325,https://www.lesswrong.com/s/pvim9PZJ6qHRTMqD3/p/3fNL2ssfvRzpApvdN
326,https://www.lesswrong.com/s/pvim9PZJ6qHRTMqD3/p/p5DmraxDmhvMoZx8J
327,https://www.lesswrong.com/s/pvim9PZJ6qHRTMqD3/p/4PPE6D635iBcGPGRy
328,https://www.lesswrong.com/s/pvim9PZJ6qHRTMqD3/p/f42BHX7rMw2dyFJfT
329,https://www.lesswrong.com/s/pvim9PZJ6qHRTMqD3/p/ZpDnRCeef2CLEFeKM
330,https://www.lesswrong.com/s/pvim9PZJ6qHRTMqD3/p/3p3CYauiX8oLjmwRF
331,https://www.lesswrong.com/s/pvim9PZJ6qHRTMqD3/p/K5nq3KcDXaGm7QQWR
332,https://www.lesswrong.com/s/pvim9PZJ6qHRTMqD3/p/NnQbfLo868wgnHF4n
333,https://www.lesswrong.com/s/pvim9PZJ6qHRTMqD3/p/oZNXmHcdhb4m7vwsv
334,https://www.lesswrong.com/s/pvim9PZJ6qHRTMqD3/p/KsHmn6iJAEr9bACQW
335,https://www.lesswrong.com/s/pvim9PZJ6qHRTMqD3/p/6NvbSwuSAooQxxf7f
336,https://www.lesswrong.com/s/pvim9PZJ6qHRTMqD3/p/LqjKP255fPRY7aMzw
337,https://www.lesswrong.com/s/pvim9PZJ6qHRTMqD3/p/pkFazhcTErMw7TFtT
338,https://www.lesswrong.com/s/pvim9PZJ6qHRTMqD3/p/aFEsqd6ofwnkNqaXo
